id_jugador,nombre,edad,horas_semanales,ingreso_mensual_mxn,plataforma,genero_juego,pais,juego_id,nombre_juego,compras_internas,nivel_alcanzado,calificacion,fecha_registro,fecha_ultima_conexion,estado_jugador
1,Ana García,24,13.7,409.32,PC ,rpg,Chile,G006,MysticLegends,Sí,2,2.4,02/01/2025,20/10/2025,Inactivo
2,Sofía Herrera,25,66.28,2026.15,mobile,puzzle,Chile,G003,DragonRealm,Sí,57,4.4,05/12/2025,09/03/2026,Inactivo
3,,24,20.81,1358.0,Steam,rpg,Argentina,G002,ShadowQuest,Sí,48,2.8,02/09/2025,26/12/2025,Inactivo
4,Ana García,20,,2192.93,xbox,Sports,México,G006,MysticLegends,Sí,86,1.8,12/05/2025,28/03/2026,Activo
5,María López,42,39.85,1158.67,Steam,Sports,México,G002,ShadowQuest,Sí,47,3.2,10/06/2025,02/01/2026,Inactivo
6,Jorge Díaz,29,33.23,2970.98,Steam,AVENTURA,Colombia,G003,DragonRealm,Sí,31,3.4,17/07/2025,13/01/2026,Inactivo
7,Luis Fernández,29,58.23,2102.45,playstation,AVENTURA,Costa Rica,G001,BattleZone,Sí,50,2.7,10/06/2024,25/06/2025,Inactivo
8,Sofía Herrera,43,24.36,1465.1,Switch,puzzle,España,G006,MysticLegends,No,29,2.6,12/04/2024,05/01/2025,Activo
9,Elena Martín,28,49.45,1366.4,PC ,RPG,Chile,G005,CyberRacer,Sí,28,4.6,28/03/2025,,Activo
10,Natalia Vargas,,41.0,182.53,nintendo switch,puZZle,México,G004,PixelRoyale,No,71,,24/01/2026,02/04/2026,Activo
11,Luis Fernández,38,9.83,744.45,playstation,rpg,Colombia,G005,CyberRacer,Sí,14,1.5,07/06/2025,24/02/2026,Activo
12,Carmen Vega,36,77.58,815.85,Play Station 5,puZZle,España,G003,DragonRealm,Sí,55,3.4,05/08/2025,,Activo
13,Lucía Ramos,28,44.61,1936.55,steam,Battle Royale,México,G008,ThunderArena,Sí,37,1.7,05/01/2026,09/03/2026,
14,Carmen Vega,38,19.99,311.5,XBOX,Sports,Estados Unidos,G007,StarFleet,No,1,2.1,22/09/2024,03/12/2025,Inactivo
15,Jorge Díaz,24,29.0,2288.12,movil,Sports,Uruguay,G001,BattleZone,No,25,2.7,10/02/2026,14/04/2026,Activo
16,Carmen Vega,23,69.34,1958.6,nintendo switch,puzzle,México,G007,StarFleet,Sí,53,3.8,30/11/2024,07/01/2026,Activo
17,Jorge Díaz,,59.09,5471.38,nintendo switch,puZZle,Perú,G003,DragonRealm,No,79,4.1,19/01/2025,24/11/2025,Inactivo
18,Carmen Vega,34,73.78,2664.38,steam,puZZle,Colombia,G005,CyberRacer,Sí,89,3.3,29/08/2025,02/03/2026,Activo
19,Jorge Díaz,34,43.76,788.73,xbox,AVENTURA,Chile,G008,ThunderArena,Sí,,2.9,10/11/2025,09/02/2026,Inactivo
20,Miguel Torres,25,35.06,3583.3,pc,AVENTURA,España,G006,MysticLegends,Sí,57,3.0,20/07/2025,19/03/2026,Inactivo
21,,29,48.61,210.0,xbox,Shooter,Colombia,G004,PixelRoyale,Sí,3,3.7,15/03/2025,21/11/2025,Inactivo
22,Luis Fernández,19,46.68,3052.7,playstation,puzzle,Colombia,G004,PixelRoyale,Sí,18,2.9,14/03/2024,18/09/2025,Inactivo
23,Jorge Díaz,35,90.98,2686.78,nintendo switch,Shooter,Chile,G008,ThunderArena,No,79,3.8,13/06/2024,02/09/2025,Activo
24,Jorge Díaz,24,,119.0,playstation,sports,México,G005,CyberRacer,Sí,45,2.4,05/06/2025,16/11/2025,Inactivo
25,Luis Fernández,29,101.24,1229.03,Steam,puZZle,México,G007,StarFleet,Sí,74,5.0,25/01/2025,12/11/2025,Activo
26,,32,90.72,3476.38,mobile,Shooter,Chile,G006,MysticLegends,No,85,3.7,16/02/2026,30/03/2026,Activo
27,Luis Fernández,28,11.94,798.53,nintendo switch,puzzle,México,G003,DragonRealm,Sí,8,1.3,21/04/2025,17/12/2025,Inactivo
28,Lucía Ramos,35,73.34,,Switch,puZZle,Guatemala,G008,ThunderArena,No,87,3.1,12/08/2024,29/08/2025,Inactivo
29,Lucía Ramos,33,30.67,475.48,XBOX,MOBA,Perú,G006,MysticLegends,Sí,47,3.8,23/11/2025,16/04/2026,Activo
30,Carmen Vega,24,12.46,1570.45,PS5,Sports,México,G002,ShadowQuest,Sí,1,2.6,16/02/2024,25/01/2025,Inactivo
31,Jorge Díaz,46,59.78,2078.3,PS5,RPG,Guatemala,G006,MysticLegends,Sí,40,3.0,05/05/2024,20/10/2025,Inactivo
32,Ana García,23,43.35,,steam,rpg,Colombia,G003,DragonRealm,No,47,2.8,25/08/2025,13/11/2025,Inactivo
33,Jorge Díaz,26,72.91,3879.4,pc,moba,Colombia,G002,ShadowQuest,Sí,65,2.9,03/09/2025,06/01/2026,Inactivo
34,Lucía Ramos,31,79.48,4042.67,steam,sports,México,G006,MysticLegends,Sí,35,4.7,08/01/2026,24/02/2026,Activo
35,Jorge Díaz,20,52.01,1005.9,steam,puZZle,Chile,G001,BattleZone,Sí,48,2.8,15/11/2024,22/11/2025,Inactivo
36,Andrés Molina,19,38.09,4921.7,Steam,Shooter,Guatemala,G001,BattleZone,Sí,33,3.4,01/12/2024,08/09/2025,Inactivo
37,Natalia Vargas,39,5.21,1816.67,mobile,moba,México,G002,ShadowQuest,Sí,16,1.4,13/12/2024,02/12/2025,Inactivo
38,Carmen Vega,36,95.08,2824.32,movil,Sports,Argentina,G006,MysticLegends,No,69,4.1,06/11/2024,24/09/2025,Inactivo
39,,24,91.9,4792.02,mobile,RPG,Argentina,G003,DragonRealm,Sí,69,5.0,07/01/2025,23/07/2025,Inactivo
40,Lucía Ramos,25,67.33,6584.03,Switch,Shooter,México,G002,ShadowQuest,Sí,34,4.6,26/01/2026,13/04/2026,Activo
41,Ana García,22,26.63,480.72,movil,Sports,México,G007,StarFleet,Sí,1,2.3,08/01/2026,05/03/2026,Activo
42,Miguel Torres,23,18.06,1256.67,Play Station 5,rpg,Estados Unidos,G003,DragonRealm,No,42,2.7,29/12/2025,31/03/2026,Activo
43,Laura Gil,40,8.84,1212.75,mobile,puzzle,España,G003,DragonRealm,Sí,22,2.7,23/12/2025,11/03/2026,Activo
44,Miguel Torres,27,14.96,752.67,PS5,AVENTURA,Colombia,G003,DragonRealm,Sí,62,3.3,03/06/2025,03/12/2025,Activo
45,Elena Martín,16,60.92,10033.45,Switch,rpg,Estados Unidos,G002,ShadowQuest,Sí,81,4.0,12/02/2024,26/01/2025,Inactivo
46,,24,42.52,2735.25,playstation,RPG,Perú,G002,ShadowQuest,Sí,51,3.0,01/12/2024,10/07/2025,Inactivo
47,Ana García,44,49.33,3257.97,steam,RPG,México,G006,MysticLegends,Sí,51,3.6,14/01/2025,06/12/2025,Inactivo
48,Luis Fernández,17,15.48,2370.9,pc,puzzle,Costa Rica,G006,MysticLegends,Sí,15,1.5,10/06/2024,03/01/2026,Inactivo
49,Luis Fernández,23,43.44,1177.05,steam,moba,Chile,G008,ThunderArena,Sí,43,4.0,24/08/2025,01/04/2026,Activo
49,Luis Fernández,23,43.44,1177.05,steam,moba,Chile,G008,ThunderArena,Sí,43,4.0,24/08/2025,01/04/2026,Activo
50,,21,16.16,650.48,xbox,puzzle,México,G003,DragonRealm,Sí,1,1.3,12/02/2024,28/05/2024,Inactivo
51,Carmen Vega,32,7.38,546.0,PS5,Sports,México,G006,MysticLegends,Sí,5,2.6,29/07/2025,11/11/2025,Inactivo
52,,41,20.25,344.58,Play Station 5,sports,Argentina,G004,PixelRoyale,Sí,21,2.7,31/10/2025,,Activo
53,Elena Martín,26,58.38,4953.55,PS5,sports,Uruguay,G003,DragonRealm,Sí,84,3.2,07/12/2024,17/09/2025,Activo
54,Elena Martín,51,79.01,2884.7,movil,puZZle,Brasil,G001,BattleZone,Sí,63,5.0,21/08/2024,21/08/2025,Inactivo
55,María López,23,73.71,2032.1,xbox,moba,Bolivia,G008,ThunderArena,Sí,38,4.6,28/12/2024,08/01/2026,Inactivo
56,Luis Fernández,25,89.17,3498.42,xbox,Shooter,Ecuador,G007,StarFleet,Sí,100,3.9,01/01/2026,10/04/2026,Activo
57,David Ortega,45,58.11,2551.32,xbox,rpg,Argentina,G008,ThunderArena,Sí,43,4.1,26/02/2026,04/04/2026,Activo
58,Laura Gil,27,118.2,2208.5,XBOX,puzzle,Colombia,G008,ThunderArena,No,100,5.0,04/12/2024,30/08/2025,Inactivo
59,Andrés Molina,22,62.02,1242.5,PS5,puZZle,México,G002,ShadowQuest,Sí,74,2.9,27/02/2026,16/03/2026,Activo
60,María López,28,49.66,1867.6,nintendo switch,RPG,México,G004,PixelRoyale,Sí,54,3.7,29/07/2024,11/07/2025,Inactivo
61,Sofía Herrera,18,33.65,5979.75,XBOX,Battle Royale,España,G003,DragonRealm,Sí,56,3.8,26/01/2025,06/02/2026,Activo
62,María López,26,22.39,558.42,PS5,rpg,España,G002,ShadowQuest,Sí,12,1.7,03/09/2024,30/01/2025,Inactivo
63,,27,27.57,1674.4,Steam,Shooter,España,G001,BattleZone,Sí,43,2.6,23/07/2025,01/04/2026,Activo
64,Elena Martín,27,31.11,962.15,playstation,AVENTURA,España,G002,ShadowQuest,No,36,2.5,01/10/2024,13/09/2025,Inactivo
65,Lucía Ramos,29,18.5,306.6,xbox,shootER,Argentina,G008,ThunderArena,Sí,38,2.6,14/08/2024,15/10/2024,Inactivo
66,Luis Fernández,26,75.74,3651.9,xbox,puzzle,Costa Rica,G001,BattleZone,No,93,,20/05/2024,09/02/2025,Inactivo
67,Andrés Molina,45,6.13,572.43,xbox,rpg,México,G005,CyberRacer,Sí,32,1.6,01/08/2025,25/01/2026,Inactivo
68,Lucía Ramos,20,58.65,3575.25,XBOX,MOBA,México,G002,ShadowQuest,Sí,47,4.3,,31/07/2024,Inactivo
69,Carlos Ruiz,31,43.38,3750.43,nintendo switch,Sports,Costa Rica,G007,StarFleet,No,47,2.3,21/08/2024,26/01/2026,Inactivo
70,Andrés Molina,24,16.16,1083.42,pc,rpg,México,G007,StarFleet,Sí,,2.2,05/04/2024,20/09/2025,Inactivo
71,Miguel Torres,44,40.32,186.55,Steam,shootER,México,G005,CyberRacer,Sí,52,3.4,26/03/2025,11/01/2026,Activo
72,Miguel Torres,25,32.38,729.75,xbox,rpg,Chile,G001,BattleZone,No,5,3.1,10/12/2025,26/03/2026,Inactivo
73,Pedro Sánchez,35,38.04,1803.72,Play Station 5,moba,Costa Rica,G007,StarFleet,Sí,32,3.2,05/12/2025,19/02/2026,Inactivo
74,Elena Martín,29,61.7,1098.48,XBOX,moba,México,G001,BattleZone,Sí,79,4.4,17/06/2024,22/09/2025,Inactivo
75,Jorge Díaz,27,26.06,535.5,pc,sports,México,G006,MysticLegends,Sí,57,2.3,16/11/2024,03/10/2025,Inactivo
76,David Ortega,39,78.84,343.18,Switch,rpg,Colombia,G008,ThunderArena,Sí,79,5.0,10/01/2024,24/10/2024,Inactivo
77,Jorge Díaz,40,93.99,2299.32,movil,sports,Estados Unidos,G006,MysticLegends,Sí,53,4.4,11/03/2025,12/01/2026,Inactivo
78,Elena Martín,19,44.35,1480.85,steam,moba,Guatemala,G005,CyberRacer,Sí,37,4.5,07/04/2024,04/09/2025,Inactivo
79,Miguel Torres,24,50.27,3491.78,PS5,shootER,Costa Rica,G006,MysticLegends,Sí,40,3.4,12/10/2025,13/01/2026,Inactivo
80,Luis Fernández,25,53.99,190.05,Switch,MOBA,México,G005,CyberRacer,Sí,43,3.6,23/02/2024,29/01/2025,Inactivo
81,Ana García,19,58.22,377.48,playstation,rpg,España,G003,DragonRealm,Sí,68,4.3,17/06/2024,15/09/2025,Inactivo
82,David Ortega,43,14.01,1657.6,PC ,puzzle,Brasil,G004,PixelRoyale,Sí,1,2.3,23/03/2026,13/04/2026,Activo
83,Natalia Vargas,16,42.49,1434.82,movil,Shooter,Argentina,G007,StarFleet,Sí,38,2.5,26/03/2024,24/05/2025,Inactivo
84,Lucía Ramos,33,63.13,816.2,steam,RPG,México,G003,DragonRealm,Sí,77,5.0,08/01/2026,02/03/2026,Inactivo
85,Laura Gil,,11.06,697.55,Steam,puZZle,Argentina,G001,BattleZone,No,,2.9,02/07/2024,22/11/2025,Activo
86,Elena Martín,44,31.17,130.03,playstation,MOBA,España,G008,ThunderArena,Sí,39,3.6,20/04/2025,22/03/2026,Inactivo
87,Carmen Vega,15,48.61,2584.05,mobile,MOBA,México,G004,PixelRoyale,No,65,3.0,27/03/2024,22/05/2025,Inactivo
88,Lucía Ramos,23,18.56,1092.7,steam,RPG,México,G008,ThunderArena,Sí,35,2.9,19/04/2025,29/07/2025,Inactivo
89,Ana García,41,51.62,422.45,PC ,AVENTURA,México,G007,StarFleet,Sí,51,2.7,17/03/2024,17/08/2024,Inactivo
90,David Ortega,21,74.53,1358.88,XBOX,Battle Royale,México,G007,StarFleet,Sí,74,5.0,01/04/2026,05/04/2026,Activo
91,Carmen Vega,44,68.62,407.92,movil,puZZle,México,G004,PixelRoyale,Sí,57,2.5,26/06/2024,01/08/2025,Inactivo
92,,46,73.16,2189.43,PC ,moba,Ecuador,G004,PixelRoyale,Sí,55,4.2,01/03/2024,13/06/2025,Inactivo
93,Carlos Ruiz,46,50.08,698.08,mobile,MOBA,México,G001,BattleZone,No,69,1.5,03/02/2024,25/01/2025,Inactivo
94,Jorge Díaz,37,45.43,4002.43,PC ,Battle Royale,España,G007,StarFleet,No,58,2.6,13/04/2024,25/09/2025,Inactivo
95,Carmen Vega,25,66.3,5488.18,steam,Battle Royale,México,G004,PixelRoyale,No,65,2.2,07/11/2025,12/01/2026,Inactivo
96,Elena Martín,,12.45,683.55,playstation,RPG,Chile,G007,StarFleet,Sí,32,1.9,21/04/2025,25/01/2026,Inactivo
97,Lucía Ramos,30,33.77,173.25,pc,shootER,México,G003,DragonRealm,No,15,3.4,21/03/2025,12/01/2026,Inactivo
98,Carmen Vega,27,51.87,4732.88,movil,RPG,Uruguay,G002,ShadowQuest,Sí,71,2.2,01/11/2025,18/02/2026,Activo
99,Miguel Torres,27,15.39,2423.4,PS5,MOBA,Perú,G002,ShadowQuest,Sí,36,2.9,17/01/2025,04/10/2025,Inactivo
100,David Ortega,31,35.81,232.4,Switch,Battle Royale,México,G008,ThunderArena,Sí,51,4.2,16/06/2024,12/03/2025,Inactivo
101,,38,38.6,1669.85,mobile,puZZle,Chile,G007,StarFleet,No,25,2.5,17/06/2025,19/11/2025,Inactivo
102,Elena Martín,32,32.09,575.92,xbox,AVENTURA,Ecuador,G007,StarFleet,Sí,20,1.8,22/09/2024,07/07/2025,Inactivo
103,Elena Martín,23,25.41,3560.9,Switch,moba,Chile,G004,PixelRoyale,Sí,60,2.2,23/09/2024,28/07/2025,Inactivo
104,Andrés Molina,43,53.95,975.62,movil,RPG,Argentina,G003,DragonRealm,Sí,66,3.6,13/08/2025,01/01/2026,Inactivo
105,Sofía Herrera,29,1.7,1969.97,playstation,rpg,México,G001,BattleZone,Sí,1,1.9,04/12/2025,09/02/2026,Activo
105,Sofía Herrera,29,1.7,1969.97,playstation,rpg,México,G001,BattleZone,Sí,1,1.9,04/12/2025,09/02/2026,Activo
106,Laura Gil,16,40.57,233.97,nintendo switch,Battle Royale,Chile,G001,BattleZone,Sí,53,3.5,19/12/2025,15/03/2026,Activo
107,Pedro Sánchez,35,40.84,6494.6,xbox,shootER,Ecuador,G008,ThunderArena,Sí,,2.3,16/11/2025,07/04/2026,Activo
108,Laura Gil,23,65.81,524.12,steam,RPG,Argentina,G008,ThunderArena,Sí,30,4.5,27/03/2026,06/04/2026,Activo
109,Carlos Ruiz,32,97.17,54.77,playstation,puzzle,España,G004,PixelRoyale,No,74,4.0,07/04/2024,24/08/2025,Inactivo
110,David Ortega,51,20.77,1965.42,XBOX,shootER,Estados Unidos,G008,ThunderArena,Sí,9,2.5,19/01/2024,08/03/2025,Inactivo
111,Andrés Molina,43,54.92,5618.38,Switch,AVENTURA,México,G006,MysticLegends,No,32,3.2,16/02/2024,28/04/2025,Inactivo
112,Luis Fernández,45,26.49,681.8,Switch,Sports,Costa Rica,G003,DragonRealm,No,58,2.7,22/08/2025,08/01/2026,Inactivo
113,María López,34,50.3,811.12,xbox,moba,Perú,G004,PixelRoyale,Sí,23,3.1,28/12/2025,14/04/2026,Activo
114,Carlos Ruiz,31,42.7,1961.22,PC ,AVENTURA,España,G003,DragonRealm,No,36,2.7,27/07/2024,25/10/2024,Inactivo
115,David Ortega,33,25.47,94.85,Steam,Sports,Brasil,G008,ThunderArena,No,1,2.4,13/07/2025,21/10/2025,Inactivo
116,Carlos Ruiz,22,52.43,1403.67,PC ,puzzle,Colombia,G005,CyberRacer,Sí,31,3.0,13/08/2024,28/07/2025,Inactivo
117,Elena Martín,23,50.3,2673.82,pc,Shooter,España,G005,CyberRacer,Sí,38,3.4,13/05/2025,18/02/2026,Inactivo
118,Carmen Vega,15,7.91,116.55,pc,puZZle,Chile,G001,BattleZone,Sí,12,2.5,25/07/2025,15/02/2026,Inactivo
119,Elena Martín,,54.38,3138.28,XBOX,Shooter,España,G001,BattleZone,Sí,33,3.8,12/07/2025,08/01/2026,Activo
120,Lucía Ramos,46,46.72,1632.05,playstation,AVENTURA,México,G001,BattleZone,No,95,2.2,24/10/2024,27/05/2025,Inactivo
121,Lucía Ramos,20,68.22,898.8,mobile,puzzle,Argentina,G006,MysticLegends,Sí,59,4.3,08/11/2024,26/03/2025,Inactivo
121,Lucía Ramos,20,68.22,898.8,mobile,puzzle,Argentina,G006,MysticLegends,Sí,59,4.3,08/11/2024,26/03/2025,Inactivo
122,Laura Gil,24,43.94,1744.23,mobile,MOBA,México,G002,ShadowQuest,Sí,14,3.1,20/09/2025,20/02/2026,Activo
123,David Ortega,36,63.5,1421.53,PS5,RPG,Perú,G005,CyberRacer,No,58,3.2,09/01/2025,24/01/2026,Inactivo
124,Sofía Herrera,42,41.33,4974.55,movil,moba,Perú,G008,ThunderArena,Sí,15,3.2,06/09/2024,25/08/2025,Inactivo
125,Ana García,45,27.0,1330.88,nintendo switch,puzzle,Argentina,G003,DragonRealm,Sí,34,1.8,29/01/2025,16/03/2025,Activo
126,Andrés Molina,29,40.43,2727.9,xbox,Shooter,España,G001,BattleZone,Sí,1,3.7,24/12/2024,23/11/2025,Inactivo
127,Jorge Díaz,44,,1500.1,nintendo switch,MOBA,España,G007,StarFleet,Sí,36,4.1,11/02/2025,14/01/2026,Inactivo
128,María López,30,68.34,948.32,playstation,AVENTURA,España,G001,BattleZone,Sí,74,3.4,03/09/2025,17/02/2026,
129,Laura Gil,24,8.23,83.3,pc,sports,España,G006,MysticLegends,Sí,5,2.5,17/02/2025,09/08/2025,Inactivo
130,Carlos Ruiz,47,84.65,2848.12,PC ,shootER,México,G002,ShadowQuest,Sí,72,3.6,26/02/2025,,Inactivo
131,Lucía Ramos,26,62.68,374.68,PS5,rpg,Estados Unidos,G002,ShadowQuest,No,67,3.1,08/07/2025,16/02/2026,Activo
132,Andrés Molina,29,28.23,750.75,pc,puZZle,Argentina,G006,MysticLegends,Sí,42,2.7,19/09/2025,03/12/2025,Inactivo
133,María López,23,86.55,883.05,XBOX,rpg,Bolivia,G006,MysticLegends,Sí,68,3.3,08/12/2025,29/01/2026,Inactivo
134,Pedro Sánchez,31,104.2,740.6,Play Station 5,Sports,España,G003,DragonRealm,No,57,3.4,18/02/2025,20/05/2025,Inactivo
135,Pedro Sánchez,27,89.84,422.98,PC ,Battle Royale,Estados Unidos,G002,ShadowQuest,Sí,78,5.0,22/08/2024,04/05/2025,Inactivo
136,,41,45.94,3117.45,PS5,shootER,Colombia,G002,ShadowQuest,Sí,33,,15/02/2026,21/03/2026,Activo
137,Jorge Díaz,37,57.17,772.28,nintendo switch,puZZle,Chile,G005,CyberRacer,Sí,62,3.4,19/05/2024,02/08/2025,Inactivo
138,Ana García,48,9.39,1059.8,pc,rpg,México,G007,StarFleet,Sí,5,2.3,13/01/2024,18/08/2025,Inactivo
139,Ana García,36,25.01,1512.35,Switch,AVENTURA,Guatemala,G004,PixelRoyale,Sí,29,2.9,19/03/2026,26/04/2026,Activo
140,María López,20,18.19,2519.83,movil,shootER,Perú,G001,BattleZone,Sí,17,2.7,24/03/2025,08/11/2025,Inactivo
141,Jorge Díaz,40,17.81,5.78,mobile,RPG,Chile,G007,StarFleet,Sí,27,2.5,23/02/2025,14/06/2025,Inactivo
142,David Ortega,,50.05,1181.78,Steam,puzzle,Argentina,G002,ShadowQuest,Sí,34,2.7,12/01/2025,11/04/2025,Inactivo
143,Carlos Ruiz,47,15.28,763.0,XBOX,puZZle,Chile,G002,ShadowQuest,Sí,25,1.9,06/09/2025,24/12/2025,Activo
144,Carmen Vega,40,32.47,,PC ,MOBA,Colombia,G003,DragonRealm,No,28,3.4,23/01/2024,27/12/2025,Activo
145,Andrés Molina,17,43.07,1833.12,pc,Sports,Chile,G001,BattleZone,Sí,70,3.3,22/12/2024,31/08/2025,Inactivo
146,David Ortega,16,85.4,1181.95,nintendo switch,Sports,Argentina,G004,PixelRoyale,Sí,72,3.7,02/02/2026,17/03/2026,Inactivo
147,María López,23,36.86,1348.55,PS5,Sports,Chile,G005,CyberRacer,Sí,48,3.5,27/03/2025,13/01/2026,Inactivo
147,María López,23,36.86,1348.55,PS5,Sports,Chile,G005,CyberRacer,Sí,48,3.5,27/03/2025,13/01/2026,Inactivo
147,María López,23,36.86,1348.55,PS5,Sports,Chile,G005,CyberRacer,Sí,48,3.5,27/03/2025,13/01/2026,Inactivo
148,Carlos Ruiz,23,66.72,894.6,nintendo switch,puZZle,Panamá,G001,BattleZone,Sí,75,3.2,24/07/2024,21/08/2025,
149,Pedro Sánchez,44,47.68,2705.68,PC ,AVENTURA,Uruguay,G005,CyberRacer,Sí,88,3.5,02/10/2025,22/04/2026,Activo
150,Pedro Sánchez,43,76.09,276.68,nintendo switch,moba,Argentina,G003,DragonRealm,Sí,78,4.6,12/11/2024,13/01/2026,Inactivo
151,Lucía Ramos,44,42.59,6298.6,movil,AVENTURA,México,G003,DragonRealm,Sí,24,2.4,02/09/2025,04/02/2026,Inactivo
152,Andrés Molina,33,24.59,295.23,Steam,AVENTURA,México,G008,ThunderArena,No,11,2.7,18/02/2025,08/11/2025,Inactivo
153,Andrés Molina,30,87.56,167.65,playstation,shootER,España,G005,CyberRacer,Sí,64,4.5,07/12/2025,18/01/2026,Inactivo
154,Carmen Vega,43,61.35,1379.88,Switch,moba,México,G007,StarFleet,Sí,77,3.4,14/02/2024,30/11/2025,Inactivo
155,María López,18,51.23,137.9,Switch,shootER,Argentina,G008,ThunderArena,Sí,23,3.3,24/07/2025,31/10/2025,Inactivo
156,Ana García,40,70.54,4492.42,nintendo switch,moba,Uruguay,G002,ShadowQuest,Sí,42,5.0,17/07/2025,17/12/2025,Activo
157,Luis Fernández,32,14.2,318.85,nintendo switch,shootER,Argentina,G008,ThunderArena,Sí,11,1.5,02/01/2024,25/03/2025,Inactivo
158,Sofía Herrera,25,65.38,4023.78,PC ,rpg,México,G006,MysticLegends,No,36,3.7,08/06/2024,08/12/2025,Inactivo
159,Miguel Torres,30,49.82,1495.72,steam,Sports,México,G005,CyberRacer,Sí,61,4.0,31/08/2024,23/11/2025,Inactivo
160,Ana García,44,44.1,4978.23,steam,AVENTURA,Perú,G008,ThunderArena,Sí,47,2.8,31/08/2025,17/12/2025,Inactivo
161,Ana García,25,31.31,1016.92,steam,puZZle,Estados Unidos,G004,PixelRoyale,Sí,31,3.5,30/01/2024,08/07/2025,Inactivo
162,Andrés Molina,33,72.6,6246.1,movil,puZZle,Argentina,G008,ThunderArena,Sí,42,2.9,27/05/2024,29/07/2025,Inactivo
163,Carmen Vega,25,75.09,895.3,playstation,sports,Argentina,G007,StarFleet,Sí,54,4.3,01/08/2024,15/08/2025,Inactivo
164,Luis Fernández,34,63.81,3035.9,PS5,shootER,Chile,G001,BattleZone,Sí,70,2.3,01/01/2024,21/06/2025,Inactivo
165,Luis Fernández,25,64.68,313.6,PC ,AVENTURA,Argentina,G007,StarFleet,Sí,23,3.0,26/06/2024,07/02/2025,Activo
166,David Ortega,21,71.01,4050.2,xbox,Shooter,Colombia,G008,ThunderArena,Sí,,4.5,18/01/2026,15/03/2026,Inactivo
167,Andrés Molina,26,88.21,608.3,xbox,Sports,España,G001,BattleZone,No,52,5.0,10/08/2025,20/12/2025,Inactivo
168,,37,103.86,110.78,movil,MOBA,España,G005,CyberRacer,Sí,81,5.0,26/01/2026,16/03/2026,Activo
169,Carmen Vega,17,35.1,1273.83,PC ,rpg,Argentina,G008,ThunderArena,Sí,30,2.9,23/12/2025,12/02/2026,Inactivo
170,Sofía Herrera,48,63.53,1673.17,steam,moba,Colombia,G001,BattleZone,No,63,3.6,12/08/2024,13/04/2025,Inactivo
171,Laura Gil,47,87.15,3825.33,Switch,shootER,Uruguay,G005,CyberRacer,Sí,58,3.6,10/03/2026,15/04/2026,Activo
172,David Ortega,28,41.38,789.42,pc,RPG,Colombia,G005,CyberRacer,Sí,60,,08/02/2024,29/12/2024,Activo
173,Carmen Vega,28,,491.57,PS5,RPG,Brasil,G005,CyberRacer,Sí,1,3.1,30/08/2025,25/12/2025,Inactivo
174,Carmen Vega,52,14.02,3169.43,nintendo switch,Battle Royale,México,G003,DragonRealm,Sí,1,1.2,17/09/2025,29/01/2026,Inactivo
175,Luis Fernández,23,25.41,2159.67,playstation,rpg,Perú,G003,DragonRealm,Sí,33,1.2,12/04/2024,17/07/2025,Inactivo
176,Ana García,20,65.17,3357.2,PC ,Sports,México,G008,ThunderArena,Sí,84,4.3,25/07/2025,07/10/2025,Inactivo
177,Natalia Vargas,28,97.55,8876.7,nintendo switch,shootER,México,G001,BattleZone,No,84,4.6,28/08/2024,27/08/2025,Inactivo
178,Carmen Vega,23,42.7,2265.55,XBOX,puZZle,México,G006,MysticLegends,No,43,3.4,19/05/2024,30/05/2025,Inactivo
179,María López,33,89.71,6493.38,PC ,Shooter,Guatemala,G001,BattleZone,No,58,3.5,28/03/2026,05/04/2026,Activo
180,Miguel Torres,47,15.58,,XBOX,shootER,Estados Unidos,G007,StarFleet,No,38,,04/10/2025,18/03/2026,Activo
181,Andrés Molina,38,119.06,2513.88,Steam,sports,México,G008,ThunderArena,Sí,100,5.0,18/02/2026,23/03/2026,Inactivo
182,Elena Martín,29,57.36,813.23,steam,MOBA,México,G003,DragonRealm,Sí,66,2.8,29/11/2025,11/01/2026,Inactivo
183,Carlos Ruiz,,75.95,2436.0,playstation,rpg,Estados Unidos,G004,PixelRoyale,Sí,57,3.9,11/04/2025,01/12/2025,Inactivo
184,Miguel Torres,34,54.89,720.48,xbox,rpg,Colombia,G002,ShadowQuest,No,31,3.8,23/11/2024,04/03/2026,Inactivo
185,Laura Gil,46,15.55,452.02,Switch,AVENTURA,Colombia,G004,PixelRoyale,Sí,4,2.5,24/11/2025,30/12/2025,Inactivo
186,Ana García,26,24.86,590.45,playstation,rpg,Estados Unidos,G007,StarFleet,Sí,1,3.3,06/11/2024,27/12/2025,Inactivo
187,Carlos Ruiz,,81.17,2609.78,playstation,puzzle,Brasil,G008,ThunderArena,Sí,54,3.9,22/10/2025,12/12/2025,Activo
188,Andrés Molina,28,,1097.08,PC ,MOBA,España,G006,MysticLegends,Sí,33,1.9,04/10/2024,10/10/2025,Inactivo
189,,26,69.7,2261.18,playstation,puZZle,España,G008,ThunderArena,No,74,3.8,30/01/2024,05/09/2024,Inactivo
190,Luis Fernández,19,97.89,1295.88,PS5,Battle Royale,México,G005,CyberRacer,No,72,4.8,04/09/2024,04/01/2025,Inactivo
191,Pedro Sánchez,37,0.88,2184.88,xbox,AVENTURA,Argentina,G006,MysticLegends,Sí,32,2.8,24/07/2025,25/09/2025,Inactivo
192,Lucía Ramos,28,88.05,7904.75,Play Station 5,puZZle,Colombia,G002,ShadowQuest,Sí,80,3.9,24/07/2024,22/03/2026,Inactivo
193,Miguel Torres,32,61.45,2473.1,pc,shootER,Chile,G003,DragonRealm,Sí,96,4.1,19/03/2024,24/05/2025,Inactivo
194,Natalia Vargas,26,48.17,1884.92,steam,MOBA,Perú,G008,ThunderArena,Sí,25,2.9,26/04/2025,31/01/2026,Activo
195,Andrés Molina,37,28.0,3047.28,Steam,puzzle,España,G002,ShadowQuest,No,29,,29/11/2024,21/10/2025,Inactivo
196,,17,42.24,4882.32,Play Station 5,AVENTURA,Argentina,G002,ShadowQuest,No,25,2.9,15/02/2025,11/11/2025,Inactivo
197,Pedro Sánchez,39,30.43,829.5,mobile,sports,Brasil,G008,ThunderArena,Sí,40,2.7,29/06/2025,15/02/2026,Inactivo
198,,28,18.83,1872.68,steam,MOBA,Chile,G004,PixelRoyale,Sí,32,2.8,20/04/2025,08/04/2026,Activo
199,Pedro Sánchez,24,97.75,2024.58,mobile,rpg,México,G002,ShadowQuest,Sí,88,5.0,02/04/2024,25/10/2024,Inactivo
200,Miguel Torres,45,39.72,3149.83,movil,rpg,España,G006,MysticLegends,No,84,3.2,09/11/2025,11/12/2025,Inactivo
201,Lucía Ramos,26,93.01,1036.52,Play Station 5,Battle Royale,España,G002,ShadowQuest,No,62,3.6,04/01/2026,09/04/2026,Activo
202,Carlos Ruiz,32,81.27,2917.95,xbox,puZZle,Costa Rica,G003,DragonRealm,No,54,2.9,22/01/2026,23/02/2026,Activo
203,Elena Martín,42,22.65,582.23,nintendo switch,RPG,México,G007,StarFleet,Sí,32,2.9,27/07/2024,30/11/2025,Inactivo
204,David Ortega,23,99.14,122.85,pc,Battle Royale,Argentina,G006,MysticLegends,No,69,4.8,03/09/2025,30/10/2025,Inactivo
205,Andrés Molina,48,97.32,1250.2,XBOX,rpg,México,G007,StarFleet,Sí,71,4.8,14/10/2024,24/01/2026,Activo
206,Pedro Sánchez,28,22.43,2123.1,XBOX,Shooter,México,G008,ThunderArena,Sí,8,3.4,07/01/2026,07/02/2026,Inactivo
207,Natalia Vargas,31,45.5,1794.62,pc,moba,México,G002,ShadowQuest,Sí,41,2.2,,14/02/2024,Activo
208,Miguel Torres,38,11.46,1980.3,movil,Shooter,México,G004,PixelRoyale,Sí,21,1.7,03/05/2024,07/10/2025,Activo
209,Elena Martín,40,45.31,2370.2,steam,shootER,Colombia,G002,ShadowQuest,Sí,59,3.8,10/05/2024,12/03/2025,Inactivo
210,Laura Gil,20,34.31,787.67,pc,Shooter,Brasil,G005,CyberRacer,Sí,29,1.7,15/12/2024,07/01/2026,Inactivo
211,David Ortega,28,27.91,527.27,mobile,puzzle,España,G005,CyberRacer,Sí,61,3.2,11/07/2024,01/03/2025,Inactivo
212,Carmen Vega,19,20.4,1647.98,Play Station 5,Battle Royale,España,G002,ShadowQuest,Sí,13,1.0,02/09/2025,26/04/2026,Activo
213,Miguel Torres,34,66.07,,playstation,puZZle,México,G006,MysticLegends,No,79,2.7,02/01/2026,04/02/2026,Inactivo
214,Lucía Ramos,26,67.8,507.68,XBOX,MOBA,México,G001,BattleZone,No,49,4.1,30/05/2025,04/08/2025,Inactivo
215,Pedro Sánchez,38,69.6,4968.6,mobile,MOBA,Perú,G008,ThunderArena,Sí,67,3.4,25/07/2024,12/06/2025,Inactivo
216,Natalia Vargas,24,59.23,4247.77,xbox,puzzle,España,G001,BattleZone,Sí,55,2.4,12/12/2024,19/03/2026,Activo
217,Lucía Ramos,31,48.17,5280.1,xbox,Sports,Estados Unidos,G008,ThunderArena,Sí,37,3.3,04/11/2024,08/09/2025,Inactivo
218,Natalia Vargas,20,37.65,5045.08,PC ,moba,España,G006,MysticLegends,Sí,38,1.3,06/01/2024,20/02/2026,Inactivo
219,Lucía Ramos,40,21.91,172.03,steam,puZZle,Argentina,G007,StarFleet,Sí,24,3.2,13/01/2025,02/09/2025,Inactivo
220,Lucía Ramos,28,14.78,247.62,nintendo switch,Shooter,México,G006,MysticLegends,Sí,30,2.5,06/11/2024,15/01/2025,Inactivo
221,Pedro Sánchez,23,104.41,1215.03,xbox,puzzle,Argentina,G008,ThunderArena,Sí,88,4.6,30/09/2025,18/12/2025,Inactivo
222,Miguel Torres,20,69.8,434.52,xbox,Battle Royale,México,G003,DragonRealm,No,57,4.2,16/08/2025,18/02/2026,Inactivo
223,Ana García,22,8.29,2501.62,PS5,rpg,México,G001,BattleZone,Sí,52,3.1,03/05/2024,03/02/2025,Inactivo
224,Carlos Ruiz,25,99.59,150.15,nintendo switch,Shooter,Argentina,G004,PixelRoyale,Sí,94,5.0,09/03/2025,05/11/2025,Inactivo
225,Lucía Ramos,14,62.35,5082.88,xbox,MOBA,Brasil,G004,PixelRoyale,Sí,71,3.1,24/09/2024,13/10/2025,Inactivo
226,Andrés Molina,44,17.98,592.72,Switch,shootER,Chile,G006,MysticLegends,No,5,3.1,14/12/2025,21/01/2026,
227,Carmen Vega,45,32.0,778.05,Switch,Shooter,México,G005,CyberRacer,Sí,16,1.8,29/11/2025,18/01/2026,Inactivo
228,David Ortega,30,51.69,1547.0,Steam,Battle Royale,España,G007,StarFleet,Sí,39,3.9,26/01/2024,25/11/2024,Activo
229,Elena Martín,33,9.35,1269.8,pc,Sports,Colombia,G002,ShadowQuest,Sí,22,2.4,16/11/2024,26/10/2025,Inactivo
230,,28,12.76,1675.1,Switch,puzzle,Estados Unidos,G008,ThunderArena,Sí,,2.1,30/08/2025,21/11/2025,Inactivo
231,Miguel Torres,22,18.56,1791.3,Switch,puzzle,México,G004,PixelRoyale,Sí,14,2.9,24/07/2024,05/03/2025,Inactivo
232,Jorge Díaz,25,47.64,1790.25,nintendo switch,AVENTURA,México,G006,MysticLegends,Sí,30,,11/01/2024,03/05/2024,Inactivo
233,Carmen Vega,49,37.41,1796.2,Steam,MOBA,Argentina,G006,MysticLegends,Sí,56,4.7,20/03/2025,09/06/2025,Activo
234,Sofía Herrera,25,19.13,195.82,nintendo switch,shootER,México,G002,ShadowQuest,Sí,30,1.5,22/10/2025,20/01/2026,Inactivo
235,Jorge Díaz,29,71.68,849.27,PS5,AVENTURA,Colombia,G008,ThunderArena,Sí,57,3.1,24/05/2025,03/11/2025,Inactivo
236,Carlos Ruiz,29,64.55,1484.52,playstation,AVENTURA,Perú,G003,DragonRealm,No,56,,02/11/2024,08/07/2025,Activo
237,Ana García,30,28.38,1995.53,mobile,Shooter,México,G008,ThunderArena,No,15,3.6,,09/04/2026,Activo
238,Sofía Herrera,27,84.2,5362.7,xbox,Shooter,México,G002,ShadowQuest,Sí,94,3.9,22/11/2025,14/12/2025,Inactivo
239,Sofía Herrera,23,99.17,6661.9,XBOX,rpg,Colombia,G005,CyberRacer,Sí,88,,26/05/2024,26/10/2025,Inactivo
240,Jorge Díaz,31,57.14,4639.07,Switch,rpg,Chile,G002,ShadowQuest,Sí,63,3.3,05/10/2025,13/02/2026,Inactivo
241,Sofía Herrera,31,21.7,2175.95,Play Station 5,Battle Royale,México,G002,ShadowQuest,Sí,8,2.2,25/03/2024,11/01/2025,Inactivo
241,Sofía Herrera,31,21.7,2175.95,Play Station 5,Battle Royale,México,G002,ShadowQuest,Sí,8,2.2,25/03/2024,11/01/2025,Inactivo
242,María López,32,16.01,27.3,xbox,AVENTURA,Argentina,G001,BattleZone,No,31,1.5,03/02/2025,24/09/2025,Inactivo
243,Luis Fernández,23,25.47,610.05,Play Station 5,RPG,México,G002,ShadowQuest,Sí,23,2.1,14/04/2025,10/12/2025,Inactivo
244,Sofía Herrera,32,41.08,699.3,Play Station 5,sports,Chile,G004,PixelRoyale,Sí,,2.9,07/05/2024,08/09/2025,Inactivo
245,Pedro Sánchez,26,46.48,3415.3,PS5,AVENTURA,México,G001,BattleZone,No,15,3.2,14/09/2025,20/01/2026,Inactivo
246,Luis Fernández,51,14.14,2040.85,playstation,MOBA,Colombia,G004,PixelRoyale,Sí,21,2.1,20/06/2024,28/05/2025,Inactivo
247,Jorge Díaz,,26.97,358.4,steam,puZZle,Argentina,G003,DragonRealm,No,,3.4,18/02/2025,22/02/2026,Activo
248,Andrés Molina,42,54.97,2514.57,XBOX,Battle Royale,Uruguay,G006,MysticLegends,Sí,36,2.4,11/04/2025,03/08/2025,Inactivo
249,Carlos Ruiz,33,53.54,445.72,Switch,Sports,Estados Unidos,G006,MysticLegends,Sí,67,3.6,07/01/2024,,Activo
250,Lucía Ramos,28,41.63,1254.23,Play Station 5,shootER,Chile,G002,ShadowQuest,No,47,3.5,16/12/2024,22/06/2025,
251,Ana García,38,5.74,868.88,PS5,puzzle,España,G001,BattleZone,No,1,2.2,15/02/2025,27/01/2026,Inactivo
252,Miguel Torres,24,24.31,8.93,Switch,shootER,México,G008,ThunderArena,Sí,21,2.4,02/05/2025,02/02/2026,Inactivo
253,María López,42,115.14,2546.42,mobile,RPG,México,G001,BattleZone,Sí,87,5.0,20/09/2024,08/02/2026,Inactivo
254,Jorge Díaz,35,71.39,937.65,movil,AVENTURA,México,G002,ShadowQuest,Sí,73,4.2,28/04/2024,17/11/2024,Inactivo
255,Andrés Molina,41,24.2,599.02,XBOX,rpg,Colombia,G003,DragonRealm,Sí,61,2.7,29/05/2025,29/08/2025,Inactivo
256,Jorge Díaz,48,21.9,1422.22,Switch,rpg,Panamá,G007,StarFleet,Sí,1,1.0,24/06/2025,30/10/2025,Inactivo
257,Elena Martín,31,64.76,,mobile,Sports,México,G003,DragonRealm,No,26,3.4,30/12/2024,08/06/2025,Activo
258,María López,27,8.64,1157.27,Switch,Shooter,España,G008,ThunderArena,Sí,21,2.4,05/06/2025,17/12/2025,Inactivo
259,Andrés Molina,29,55.74,2914.1,mobile,puzzle,México,G004,PixelRoyale,No,30,3.8,22/07/2025,22/11/2025,Inactivo
260,Pedro Sánchez,17,,799.4,nintendo switch,shootER,Chile,G006,MysticLegends,Sí,48,2.7,16/01/2026,07/02/2026,Activo
261,Carlos Ruiz,34,34.89,2069.2,Play Station 5,Battle Royale,Costa Rica,G004,PixelRoyale,Sí,63,3.6,17/10/2025,24/03/2026,Activo
262,Carlos Ruiz,48,28.26,1021.65,PC ,rpg,España,G007,StarFleet,Sí,39,1.7,16/02/2025,,Activo
263,Sofía Herrera,24,30.01,1286.78,Steam,MOBA,Chile,G002,ShadowQuest,No,25,2.6,17/01/2026,11/02/2026,Activo
264,Carmen Vega,48,30.87,1818.42,mobile,sports,Perú,G004,PixelRoyale,No,10,1.4,01/12/2025,02/03/2026,Inactivo
265,Luis Fernández,26,48.6,,Switch,Sports,España,G005,CyberRacer,No,46,1.7,24/09/2025,,Activo
266,Elena Martín,22,37.01,1461.25,steam,sports,Estados Unidos,G002,ShadowQuest,No,25,2.3,06/01/2024,20/10/2025,Inactivo
267,Miguel Torres,17,24.91,875.52,mobile,Shooter,México,G002,ShadowQuest,Sí,1,2.6,23/02/2024,18/02/2025,Inactivo
268,Jorge Díaz,28,78.11,829.85,mobile,sports,Colombia,G004,PixelRoyale,No,43,3.4,09/02/2024,11/11/2024,Inactivo
269,Sofía Herrera,25,68.31,2711.45,PC ,puzzle,Perú,G004,PixelRoyale,Sí,66,3.1,18/05/2025,13/10/2025,Inactivo
270,Elena Martín,39,63.7,4025.7,Switch,AVENTURA,México,G008,ThunderArena,No,75,4.0,18/02/2026,06/04/2026,Activo
271,Pedro Sánchez,37,30.62,2014.95,mobile,AVENTURA,Perú,G007,StarFleet,Sí,28,2.5,05/06/2025,22/01/2026,Inactivo
272,Luis Fernández,15,62.12,1264.55,playstation,rpg,España,G001,BattleZone,Sí,54,,21/12/2024,09/03/2026,Inactivo
273,María López,32,21.13,1429.58,playstation,AVENTURA,Colombia,G007,StarFleet,Sí,8,2.4,05/04/2024,06/05/2025,Inactivo
274,María López,16,25.44,53.38,mobile,Battle Royale,Colombia,G007,StarFleet,Sí,30,2.7,15/05/2024,22/10/2024,
275,Carmen Vega,36,52.18,1153.42,pc,sports,España,G007,StarFleet,Sí,23,4.0,02/11/2025,30/03/2026,Inactivo
276,Jorge Díaz,20,20.27,336.35,playstation,Sports,Estados Unidos,G006,MysticLegends,No,21,3.3,29/12/2025,26/03/2026,Inactivo
277,María López,36,107.92,1085.17,movil,puzzle,Uruguay,G007,StarFleet,Sí,68,3.9,28/01/2025,27/11/2025,Inactivo
278,Carlos Ruiz,15,60.76,468.3,mobile,rpg,España,G001,BattleZone,Sí,47,3.6,03/05/2025,07/02/2026,Activo
279,Andrés Molina,27,96.87,1220.62,steam,sports,México,G007,StarFleet,No,82,5.0,08/08/2025,30/01/2026,Activo
280,María López,27,6.37,139.83,PC ,moba,Chile,G004,PixelRoyale,Sí,28,2.6,02/09/2024,13/08/2025,Inactivo
281,Natalia Vargas,45,25.67,2782.85,PS5,Shooter,Perú,G003,DragonRealm,Sí,24,1.7,04/03/2026,07/04/2026,Activo
282,Pedro Sánchez,34,22.31,2390.68,movil,moba,Argentina,G003,DragonRealm,Sí,3,3.6,03/03/2026,25/03/2026,Inactivo
283,Jorge Díaz,16,46.59,1538.25,XBOX,MOBA,Panamá,G005,CyberRacer,Sí,35,4.6,14/05/2025,06/02/2026,Inactivo
284,Elena Martín,33,37.45,1938.3,pc,AVENTURA,España,G008,ThunderArena,Sí,24,3.6,21/04/2024,31/08/2025,Activo
285,Elena Martín,26,42.45,5749.27,movil,Shooter,Guatemala,G004,PixelRoyale,Sí,37,4.1,12/10/2025,10/12/2025,Inactivo
286,Sofía Herrera,34,56.76,872.55,mobile,Sports,España,G001,BattleZone,Sí,59,3.1,28/05/2024,10/03/2026,Inactivo
287,María López,45,32.1,705.07,mobile,AVENTURA,Argentina,G003,DragonRealm,Sí,13,2.9,15/01/2024,09/02/2025,Inactivo
288,Jorge Díaz,28,38.78,652.57,Switch,puZZle,Chile,G005,CyberRacer,Sí,73,2.4,16/04/2024,29/06/2024,Inactivo
289,Natalia Vargas,28,66.65,2822.23,mobile,puZZle,España,G006,MysticLegends,Sí,49,3.6,25/03/2026,,Inactivo
290,,40,59.39,2493.4,Play Station 5,rpg,Uruguay,G007,StarFleet,No,70,4.8,11/04/2024,03/11/2024,Inactivo
291,Laura Gil,31,12.86,2998.8,PS5,rpg,México,G004,PixelRoyale,Sí,9,2.4,27/02/2026,10/03/2026,
292,David Ortega,28,68.48,,pc,shootER,Costa Rica,G002,ShadowQuest,No,25,4.4,13/06/2024,06/08/2024,Inactivo
293,,52,43.97,2110.68,pc,moba,Perú,G005,CyberRacer,Sí,1,1.5,13/09/2024,02/10/2025,Inactivo
294,Carmen Vega,22,27.85,1362.2,Switch,RPG,Argentina,G001,BattleZone,No,29,3.4,27/06/2025,08/08/2025,Inactivo
295,Carlos Ruiz,26,74.41,617.75,mobile,Sports,Uruguay,G002,ShadowQuest,Sí,74,3.6,21/07/2024,30/10/2025,Activo
296,María López,32,6.1,,XBOX,RPG,Estados Unidos,G007,StarFleet,No,10,3.3,16/11/2024,13/02/2025,Activo
297,Laura Gil,26,12.58,759.33,movil,Battle Royale,México,G005,CyberRacer,Sí,16,1.3,23/06/2024,28/07/2025,Inactivo
298,David Ortega,27,42.14,2108.22,Steam,puZZle,México,G008,ThunderArena,Sí,52,3.1,17/04/2024,09/10/2025,Inactivo
299,Miguel Torres,21,65.31,2137.45,XBOX,rpg,España,G008,ThunderArena,Sí,85,3.5,17/03/2025,03/10/2025,Inactivo
300,Ana García,36,46.53,3784.9,PC ,Sports,España,G002,ShadowQuest,Sí,37,4.6,06/02/2025,05/12/2025,Inactivo
